Type,Filter,TRUTH.TOTAL,TRUTH.TP,TRUTH.FN,QUERY.TOTAL,QUERY.FP,QUERY.UNK,FP.gt,FP.al,METRIC.Recall,METRIC.Precision,METRIC.Frac_NA,METRIC.F1_Score,TRUTH.TOTAL.TiTv_ratio,QUERY.TOTAL.TiTv_ratio,TRUTH.TOTAL.het_hom_ratio,QUERY.TOTAL.het_hom_ratio,	run
INDEL,ALL,525469,521901,3568,929868,1568,384397,1170,271,0.99321,0.997125,0.413389,0.9951639999999999,,,1.528275734138537,1.9904189516115687,	deepvariant_HG002_bwa
INDEL,PASS,525469,521901,3568,929868,1568,384397,1170,271,0.99321,0.997125,0.413389,0.9951639999999999,,,1.528275734138537,1.9904189516115687,	deepvariant_HG002_bwa
SNP,ALL,3365127,3345185,19942,3806665,2242,457459,997,282,0.994074,0.999331,0.120173,0.9966950000000001,2.1001284867575745,1.986852188099281,1.5811958532541182,1.501939703786615,	deepvariant_HG002_bwa
SNP,PASS,3365127,3345185,19942,3806665,2242,457459,997,282,0.994074,0.999331,0.120173,0.9966950000000001,2.1001284867575745,1.986852188099281,1.5811958532541182,1.501939703786615,	deepvariant_HG002_bwa
INDEL,ALL,525469,509061,16408,898201,14634,356124,10643,1315,0.968775,0.9730040000000001,0.396486,0.970885,,,1.528275734138537,1.9004474420569135,	freebayes_HG002_bwa
INDEL,PASS,525469,509061,16408,898201,14634,356124,10643,1315,0.968775,0.9730040000000001,0.396486,0.970885,,,1.528275734138537,1.9004474420569135,	freebayes_HG002_bwa
SNP,ALL,3365127,3346364,18763,4400467,104993,945258,3301,13489,0.994424,0.969613,0.21480900000000003,0.9818620000000001,2.1001284867575745,1.8234136491313822,1.5811958532541182,1.857603861783996,	freebayes_HG002_bwa
SNP,PASS,3365127,3346364,18763,4400467,104993,945258,3301,13489,0.994424,0.969613,0.21480900000000003,0.9818620000000001,2.1001284867575745,1.8234136491313822,1.5811958532541182,1.857603861783996,	freebayes_HG002_bwa
INDEL,ALL,525469,520341,5128,924072,4635,377393,2169,422,0.990241,0.9915219999999999,0.408402,0.9908809999999999,,,1.528275734138537,1.951811531291873,	haplotypecaller_filtered_HG002_bwa
INDEL,PASS,525469,520159,5310,909067,3333,363873,2168,306,0.9898950000000001,0.9938870000000001,0.400271,0.9918870000000001,,,1.528275734138537,1.9036270924272811,	haplotypecaller_filtered_HG002_bwa
SNP,ALL,3365127,3343094,22033,3992977,29760,619180,2591,2327,0.993453,0.991179,0.155067,0.992315,2.1001284867575745,1.9463298235261577,1.5811958532541182,1.740612703187128,	haplotypecaller_filtered_HG002_bwa
SNP,PASS,3365127,3343092,22035,3986881,29760,613084,2591,2327,0.993452,0.991179,0.153775,0.9923139999999999,2.1001284867575745,1.9491717683214047,1.5811958532541182,1.737842818234536,	haplotypecaller_filtered_HG002_bwa
INDEL,ALL,525469,520341,5128,924072,4635,377393,2169,422,0.990241,0.9915219999999999,0.408402,0.9908809999999999,,,1.528275734138537,1.951811531291873,	haplotypecaller_HG002_bwa
INDEL,PASS,525469,520341,5128,924072,4635,377393,2169,422,0.990241,0.9915219999999999,0.408402,0.9908809999999999,,,1.528275734138537,1.951811531291873,	haplotypecaller_HG002_bwa
SNP,ALL,3365127,3343094,22033,3992977,29760,619180,2591,2327,0.993453,0.991179,0.155067,0.992315,2.1001284867575745,1.9463298235261577,1.5811958532541182,1.740612703187128,	haplotypecaller_HG002_bwa
SNP,PASS,3365127,3343094,22033,3992977,29760,619180,2591,2327,0.993453,0.991179,0.155067,0.992315,2.1001284867575745,1.9463298235261577,1.5811958532541182,1.740612703187128,	haplotypecaller_HG002_bwa
INDEL,ALL,525469,521901,3568,929868,1568,384397,1170,271,0.99321,0.997125,0.413389,0.9951639999999999,,,1.528275734138537,1.9904189516115687,	deepvariant_HG002_bwamem2
INDEL,PASS,525469,521901,3568,929868,1568,384397,1170,271,0.99321,0.997125,0.413389,0.9951639999999999,,,1.528275734138537,1.9904189516115687,	deepvariant_HG002_bwamem2
SNP,ALL,3365127,3345185,19942,3806665,2242,457459,997,282,0.994074,0.999331,0.120173,0.9966950000000001,2.1001284867575745,1.986852188099281,1.5811958532541182,1.501939703786615,	deepvariant_HG002_bwamem2
SNP,PASS,3365127,3345185,19942,3806665,2242,457459,997,282,0.994074,0.999331,0.120173,0.9966950000000001,2.1001284867575745,1.986852188099281,1.5811958532541182,1.501939703786615,	deepvariant_HG002_bwamem2
INDEL,ALL,525469,509061,16408,898201,14634,356124,10643,1315,0.968775,0.9730040000000001,0.396486,0.970885,,,1.528275734138537,1.9004474420569135,	freebayes_HG002_bwamem2
INDEL,PASS,525469,509061,16408,898201,14634,356124,10643,1315,0.968775,0.9730040000000001,0.396486,0.970885,,,1.528275734138537,1.9004474420569135,	freebayes_HG002_bwamem2
SNP,ALL,3365127,3346364,18763,4400467,104993,945258,3301,13489,0.994424,0.969613,0.21480900000000003,0.9818620000000001,2.1001284867575745,1.8234136491313822,1.5811958532541182,1.857603861783996,	freebayes_HG002_bwamem2
SNP,PASS,3365127,3346364,18763,4400467,104993,945258,3301,13489,0.994424,0.969613,0.21480900000000003,0.9818620000000001,2.1001284867575745,1.8234136491313822,1.5811958532541182,1.857603861783996,	freebayes_HG002_bwamem2
INDEL,ALL,525469,520341,5128,924072,4635,377393,2169,422,0.990241,0.9915219999999999,0.408402,0.9908809999999999,,,1.528275734138537,1.951811531291873,	haplotypecaller_filtered_HG002_bwamem2
INDEL,PASS,525469,520159,5310,909067,3333,363873,2168,306,0.9898950000000001,0.9938870000000001,0.400271,0.9918870000000001,,,1.528275734138537,1.9036270924272811,	haplotypecaller_filtered_HG002_bwamem2
SNP,ALL,3365127,3343094,22033,3992977,29760,619180,2591,2327,0.993453,0.991179,0.155067,0.992315,2.1001284867575745,1.9463298235261577,1.5811958532541182,1.740612703187128,	haplotypecaller_filtered_HG002_bwamem2
SNP,PASS,3365127,3343092,22035,3986881,29760,613084,2591,2327,0.993452,0.991179,0.153775,0.9923139999999999,2.1001284867575745,1.9491717683214047,1.5811958532541182,1.737842818234536,	haplotypecaller_filtered_HG002_bwamem2
INDEL,ALL,525469,520341,5128,924072,4635,377393,2169,422,0.990241,0.9915219999999999,0.408402,0.9908809999999999,,,1.528275734138537,1.951811531291873,	haplotypecaller_HG002_bwamem2
INDEL,PASS,525469,520341,5128,924072,4635,377393,2169,422,0.990241,0.9915219999999999,0.408402,0.9908809999999999,,,1.528275734138537,1.951811531291873,	haplotypecaller_HG002_bwamem2
SNP,ALL,3365127,3343094,22033,3992977,29760,619180,2591,2327,0.993453,0.991179,0.155067,0.992315,2.1001284867575745,1.9463298235261577,1.5811958532541182,1.740612703187128,	haplotypecaller_HG002_bwamem2
SNP,PASS,3365127,3343094,22033,3992977,29760,619180,2591,2327,0.993453,0.991179,0.155067,0.992315,2.1001284867575745,1.9463298235261577,1.5811958532541182,1.740612703187128,	haplotypecaller_HG002_bwamem2
INDEL,ALL,525469,519276,6193,904781,4994,361247,2440,592,0.9882139999999999,0.990812,0.39926500000000004,0.989511,,,1.528275734138537,1.9799957488013982,	strelka_HG002_bwamem2
INDEL,PASS,525469,518106,7363,861895,2394,322070,1449,313,0.9859879999999999,0.9955649999999999,0.373677,0.9907530000000001,,,1.528275734138537,1.8948845441335473,	strelka_HG002_bwamem2
SNP,ALL,3365127,3343822,21305,4192830,36787,808832,3586,4321,0.993669,0.989129,0.192908,0.991394,2.1001284867575745,1.861616386971149,1.5811958532541182,1.8347555741354433,	strelka_HG002_bwamem2
SNP,PASS,3365127,3329714,35413,3690198,3686,353534,762,636,0.989476,0.9988950000000001,0.095804,0.9941639999999999,2.1001284867575745,2.0371216334966875,1.5811958532541182,1.5753346998732134,	strelka_HG002_bwamem2
INDEL,ALL,525469,519276,6193,904781,4994,361247,2440,592,0.9882139999999999,0.990812,0.39926500000000004,0.989511,,,1.528275734138537,1.9799957488013982,	strelka_HG002_bwa
INDEL,PASS,525469,518106,7363,861895,2394,322070,1449,313,0.9859879999999999,0.9955649999999999,0.373677,0.9907530000000001,,,1.528275734138537,1.8948845441335473,	strelka_HG002_bwa
SNP,ALL,3365127,3343822,21305,4192830,36787,808832,3586,4321,0.993669,0.989129,0.192908,0.991394,2.1001284867575745,1.861616386971149,1.5811958532541182,1.8347555741354433,	strelka_HG002_bwa
SNP,PASS,3365127,3329714,35413,3690198,3686,353534,762,636,0.989476,0.9988950000000001,0.095804,0.9941639999999999,2.1001284867575745,2.0371216334966875,1.5811958532541182,1.5753346998732134,	strelka_HG002_bwa
INDEL,ALL,525469,512241,13228,907073,1637,371518,1276,242,0.974826,0.996943,0.40957899999999997,0.9857610000000001,,,1.528275734138537,1.982265699812878,	deepvariant_HG002_dragmap
INDEL,PASS,525469,512241,13228,907073,1637,371518,1276,242,0.974826,0.996943,0.40957899999999997,0.9857610000000001,,,1.528275734138537,1.982265699812878,	deepvariant_HG002_dragmap
SNP,ALL,3365127,3268081,97046,3686467,3377,413255,2171,261,0.971161,0.9989680000000001,0.11210099999999999,0.9848690000000001,2.1001284867575745,1.9930920572050062,1.5811958532541182,1.500026461524265,	deepvariant_HG002_dragmap
SNP,PASS,3365127,3268081,97046,3686467,3377,413255,2171,261,0.971161,0.9989680000000001,0.11210099999999999,0.9848690000000001,2.1001284867575745,1.9930920572050062,1.5811958532541182,1.500026461524265,	deepvariant_HG002_dragmap
INDEL,ALL,525469,499422,26047,869835,13381,338749,10911,1265,0.9504309999999999,0.9748040000000001,0.389441,0.962463,,,1.528275734138537,1.885576088136329,	freebayes_HG002_dragmap
INDEL,PASS,525469,499422,26047,869835,13381,338749,10911,1265,0.9504309999999999,0.9748040000000001,0.389441,0.962463,,,1.528275734138537,1.885576088136329,	freebayes_HG002_dragmap
SNP,ALL,3365127,3269751,95376,4095691,78251,743863,3469,11195,0.971658,0.9766540000000001,0.181621,0.9741489999999999,2.1001284867575745,1.858378903401689,1.5811958532541182,1.712307884940644,	freebayes_HG002_dragmap
SNP,PASS,3365127,3269751,95376,4095691,78251,743863,3469,11195,0.971658,0.9766540000000001,0.181621,0.9741489999999999,2.1001284867575745,1.858378903401689,1.5811958532541182,1.712307884940644,	freebayes_HG002_dragmap
INDEL,ALL,525469,509523,15946,880479,3471,346549,2525,251,0.9696540000000001,0.993499,0.39359099999999997,0.981432,,,1.528275734138537,1.8953006009996425,	haplotypecaller_filtered_HG002_dragmap
INDEL,PASS,525469,509154,16315,867106,3023,333993,2519,211,0.968952,0.9943299999999999,0.385181,0.981477,,,1.528275734138537,1.8524282527178406,	haplotypecaller_filtered_HG002_dragmap
SNP,ALL,3365127,3261881,103246,3717472,10773,443729,1670,831,0.969319,0.9967090000000001,0.11936300000000001,0.982823,2.1001284867575745,1.9913656204798826,1.5811958532541182,1.6475912949617222,	haplotypecaller_filtered_HG002_dragmap
SNP,PASS,3365127,3261881,103246,3713990,10773,440247,1670,831,0.969319,0.9967090000000001,0.11853699999999999,0.982823,2.1001284867575745,1.9928814097322312,1.5811958532541182,1.6457219984934832,	haplotypecaller_filtered_HG002_dragmap
INDEL,ALL,525469,509523,15946,880479,3471,346549,2525,251,0.9696540000000001,0.993499,0.39359099999999997,0.981432,,,1.528275734138537,1.8953006009996425,	haplotypecaller_HG002_dragmap
INDEL,PASS,525469,509523,15946,880479,3471,346549,2525,251,0.9696540000000001,0.993499,0.39359099999999997,0.981432,,,1.528275734138537,1.8953006009996425,	haplotypecaller_HG002_dragmap
SNP,ALL,3365127,3261881,103246,3717472,10773,443729,1670,831,0.969319,0.9967090000000001,0.11936300000000001,0.982823,2.1001284867575745,1.9913656204798826,1.5811958532541182,1.6475912949617222,	haplotypecaller_HG002_dragmap
SNP,PASS,3365127,3261881,103246,3717472,10773,443729,1670,831,0.969319,0.9967090000000001,0.11936300000000001,0.982823,2.1001284867575745,1.9913656204798826,1.5811958532541182,1.6475912949617222,	haplotypecaller_HG002_dragmap
INDEL,ALL,525469,509387,16082,872015,3689,339976,2369,458,0.9693950000000001,0.993066,0.389874,0.981088,,,1.528275734138537,1.9442437579582572,	strelka_HG002_dragmap
INDEL,PASS,525469,508261,17208,835827,1871,306696,1424,234,0.967252,0.9964639999999999,0.366937,0.981641,,,1.528275734138537,1.8773304808001214,	strelka_HG002_dragmap
SNP,ALL,3365127,3263989,101138,3917993,34117,616535,3393,4195,0.9699450000000001,0.9896659999999999,0.15736,0.979706,2.1001284867575745,1.9005715943582164,1.5811958532541182,1.7566300796355656,	strelka_HG002_dragmap
SNP,PASS,3365127,3248742,116385,3566009,2066,311948,657,563,0.965414,0.999365,0.087478,0.9820959999999999,2.1001284867575745,2.040012545736112,1.5811958532541182,1.5723253194361961,	strelka_HG002_dragmap
INDEL,ALL,504501,501560,2941,933204,1328,409189,916,258,0.9941700000000001,0.997466,0.438478,0.995815,,,1.489759281064042,1.9567592067249688,	deepvariant_HG003_bwa
INDEL,PASS,504501,501560,2941,933204,1328,409189,916,258,0.9941700000000001,0.997466,0.438478,0.995815,,,1.489759281064042,1.9567592067249688,	deepvariant_HG003_bwa
SNP,ALL,3327496,3306925,20571,3783487,2423,472507,940,241,0.993818,0.999268,0.12488699999999998,0.9965360000000001,2.1025758866729185,1.9866751048725904,1.535136601693727,1.4593157792730627,	deepvariant_HG003_bwa
SNP,PASS,3327496,3306925,20571,3783487,2423,472507,940,241,0.993818,0.999268,0.12488699999999998,0.9965360000000001,2.1025758866729185,1.9866751048725904,1.535136601693727,1.4593157792730627,	deepvariant_HG003_bwa
INDEL,ALL,504501,490768,13733,902298,12385,381026,9122,1020,0.9727790000000001,0.976241,0.422284,0.974507,,,1.489759281064042,1.8979370677595413,	freebayes_HG003_bwa
INDEL,PASS,504501,490768,13733,902298,12385,381026,9122,1020,0.9727790000000001,0.976241,0.422284,0.974507,,,1.489759281064042,1.8979370677595413,	freebayes_HG003_bwa
SNP,ALL,3327496,3309189,18307,4380481,95159,972715,3178,11966,0.994498,0.972076,0.222057,0.983159,2.1025758866729185,1.8252446340419166,1.535136601693727,1.8174789944085905,	freebayes_HG003_bwa
SNP,PASS,3327496,3309189,18307,4380481,95159,972715,3178,11966,0.994498,0.972076,0.222057,0.983159,2.1025758866729185,1.8252446340419166,1.535136601693727,1.8174789944085905,	freebayes_HG003_bwa
INDEL,ALL,504501,500434,4067,930968,4240,405389,1775,503,0.9919389999999999,0.991933,0.435449,0.991936,,,1.489759281064042,1.935126740969605,	haplotypecaller_filtered_HG003_bwa
INDEL,PASS,504501,500278,4223,916525,3006,392336,1775,354,0.9916290000000001,0.994265,0.428069,0.9929459999999999,,,1.489759281064042,1.8892890890968637,	haplotypecaller_filtered_HG003_bwa
SNP,ALL,3327496,3306701,20795,3988873,32143,649171,2507,3251,0.993751,0.990375,0.162745,0.99206,2.1025758866729185,1.9407329833671483,1.535136601693727,1.7061378560403144,	haplotypecaller_filtered_HG003_bwa
SNP,PASS,3327496,3306701,20795,3981878,32138,642181,2507,3251,0.993751,0.9903770000000001,0.161276,0.9920610000000001,2.1025758866729185,1.9436974970014123,1.535136601693727,1.7028704890955915,	haplotypecaller_filtered_HG003_bwa
INDEL,ALL,504501,500434,4067,930968,4240,405389,1775,503,0.9919389999999999,0.991933,0.435449,0.991936,,,1.489759281064042,1.935126740969605,	haplotypecaller_HG003_bwa
INDEL,PASS,504501,500434,4067,930968,4240,405389,1775,503,0.9919389999999999,0.991933,0.435449,0.991936,,,1.489759281064042,1.935126740969605,	haplotypecaller_HG003_bwa
SNP,ALL,3327496,3306701,20795,3988873,32143,649171,2507,3251,0.993751,0.990375,0.162745,0.99206,2.1025758866729185,1.9407329833671483,1.535136601693727,1.7061378560403144,	haplotypecaller_HG003_bwa
SNP,PASS,3327496,3306701,20795,3988873,32143,649171,2507,3251,0.993751,0.990375,0.162745,0.99206,2.1025758866729185,1.9407329833671483,1.535136601693727,1.7061378560403144,	haplotypecaller_HG003_bwa
INDEL,ALL,504501,501560,2941,933204,1328,409189,916,258,0.9941700000000001,0.997466,0.438478,0.995815,,,1.489759281064042,1.9567592067249688,	deepvariant_HG003_bwamem2
INDEL,PASS,504501,501560,2941,933204,1328,409189,916,258,0.9941700000000001,0.997466,0.438478,0.995815,,,1.489759281064042,1.9567592067249688,	deepvariant_HG003_bwamem2
SNP,ALL,3327496,3306925,20571,3783487,2423,472507,940,241,0.993818,0.999268,0.12488699999999998,0.9965360000000001,2.1025758866729185,1.9866751048725904,1.535136601693727,1.4593157792730627,	deepvariant_HG003_bwamem2
SNP,PASS,3327496,3306925,20571,3783487,2423,472507,940,241,0.993818,0.999268,0.12488699999999998,0.9965360000000001,2.1025758866729185,1.9866751048725904,1.535136601693727,1.4593157792730627,	deepvariant_HG003_bwamem2
INDEL,ALL,504501,490768,13733,902298,12385,381026,9122,1020,0.9727790000000001,0.976241,0.422284,0.974507,,,1.489759281064042,1.8979370677595413,	freebayes_HG003_bwamem2
INDEL,PASS,504501,490768,13733,902298,12385,381026,9122,1020,0.9727790000000001,0.976241,0.422284,0.974507,,,1.489759281064042,1.8979370677595413,	freebayes_HG003_bwamem2
SNP,ALL,3327496,3309189,18307,4380481,95159,972715,3178,11966,0.994498,0.972076,0.222057,0.983159,2.1025758866729185,1.8252446340419166,1.535136601693727,1.8174789944085905,	freebayes_HG003_bwamem2
SNP,PASS,3327496,3309189,18307,4380481,95159,972715,3178,11966,0.994498,0.972076,0.222057,0.983159,2.1025758866729185,1.8252446340419166,1.535136601693727,1.8174789944085905,	freebayes_HG003_bwamem2
INDEL,ALL,504501,500434,4067,930968,4240,405389,1775,503,0.9919389999999999,0.991933,0.435449,0.991936,,,1.489759281064042,1.935126740969605,	haplotypecaller_filtered_HG003_bwamem2
INDEL,PASS,504501,500278,4223,916525,3006,392336,1775,354,0.9916290000000001,0.994265,0.428069,0.9929459999999999,,,1.489759281064042,1.8892890890968637,	haplotypecaller_filtered_HG003_bwamem2
SNP,ALL,3327496,3306701,20795,3988873,32143,649171,2507,3251,0.993751,0.990375,0.162745,0.99206,2.1025758866729185,1.9407329833671483,1.535136601693727,1.7061378560403144,	haplotypecaller_filtered_HG003_bwamem2
SNP,PASS,3327496,3306701,20795,3981878,32138,642181,2507,3251,0.993751,0.9903770000000001,0.161276,0.9920610000000001,2.1025758866729185,1.9436974970014123,1.535136601693727,1.7028704890955915,	haplotypecaller_filtered_HG003_bwamem2
INDEL,ALL,504501,500434,4067,930968,4240,405389,1775,503,0.9919389999999999,0.991933,0.435449,0.991936,,,1.489759281064042,1.935126740969605,	haplotypecaller_HG003_bwamem2
INDEL,PASS,504501,500434,4067,930968,4240,405389,1775,503,0.9919389999999999,0.991933,0.435449,0.991936,,,1.489759281064042,1.935126740969605,	haplotypecaller_HG003_bwamem2
SNP,ALL,3327496,3306701,20795,3988873,32143,649171,2507,3251,0.993751,0.990375,0.162745,0.99206,2.1025758866729185,1.9407329833671483,1.535136601693727,1.7061378560403144,	haplotypecaller_HG003_bwamem2
SNP,PASS,3327496,3306701,20795,3988873,32143,649171,2507,3251,0.993751,0.990375,0.162745,0.99206,2.1025758866729185,1.9407329833671483,1.535136601693727,1.7061378560403144,	haplotypecaller_HG003_bwamem2
INDEL,ALL,504501,499885,4616,916146,4336,392948,1870,545,0.99085,0.991713,0.428914,0.991281,,,1.489759281064042,1.9797008974410262,	strelka_HG003_bwamem2
INDEL,PASS,504501,498902,5599,870178,2021,350252,1161,277,0.9889020000000001,0.9961129999999999,0.402506,0.9924940000000001,,,1.489759281064042,1.8882052504341311,	strelka_HG003_bwamem2
SNP,ALL,3327496,3307344,20152,4164460,31003,823094,3220,3380,0.993944,0.990721,0.197647,0.9923299999999999,2.1025758866729185,1.862599002519127,1.535136601693727,1.7803036426024104,	strelka_HG003_bwamem2
SNP,PASS,3327496,3294115,33381,3675968,3318,375613,623,492,0.9899680000000001,0.9989950000000001,0.102181,0.994461,2.1025758866729185,2.0360689903457114,1.535136601693727,1.5326781821277158,	strelka_HG003_bwamem2
INDEL,ALL,504501,499885,4616,916146,4336,392948,1870,545,0.99085,0.991713,0.428914,0.991281,,,1.489759281064042,1.9797008974410262,	strelka_HG003_bwa
INDEL,PASS,504501,498902,5599,870178,2021,350252,1161,277,0.9889020000000001,0.9961129999999999,0.402506,0.9924940000000001,,,1.489759281064042,1.8882052504341311,	strelka_HG003_bwa
SNP,ALL,3327496,3307344,20152,4164460,31003,823094,3220,3380,0.993944,0.990721,0.197647,0.9923299999999999,2.1025758866729185,1.862599002519127,1.535136601693727,1.7803036426024104,	strelka_HG003_bwa
SNP,PASS,3327496,3294115,33381,3675968,3318,375613,623,492,0.9899680000000001,0.9989950000000001,0.102181,0.994461,2.1025758866729185,2.0360689903457114,1.535136601693727,1.5326781821277158,	strelka_HG003_bwa
INDEL,ALL,504501,492375,12126,910752,1403,396245,1029,229,0.9759639999999999,0.997273,0.435075,0.986504,,,1.489759281064042,1.9503109525318039,	deepvariant_HG003_dragmap
INDEL,PASS,504501,492375,12126,910752,1403,396245,1029,229,0.9759639999999999,0.997273,0.435075,0.986504,,,1.489759281064042,1.9503109525318039,	deepvariant_HG003_dragmap
SNP,ALL,3327495,3231781,95714,3664948,3343,428177,1941,232,0.9712350000000001,0.998967,0.11682999999999999,0.984906,2.102574954461471,1.9942754326299523,1.5351377716469723,1.4642681276219025,	deepvariant_HG003_dragmap
SNP,PASS,3327495,3231781,95714,3664948,3343,428177,1941,232,0.9712350000000001,0.998967,0.11682999999999999,0.984906,2.102574954461471,1.9942754326299523,1.5351377716469723,1.4642681276219025,	deepvariant_HG003_dragmap
INDEL,ALL,504501,481798,22703,875121,11031,364110,9142,902,0.9549989999999999,0.9784129999999999,0.41606800000000005,0.966564,,,1.489759281064042,1.9017665326070357,	freebayes_HG003_dragmap
INDEL,PASS,504501,481798,22703,875121,11031,364110,9142,902,0.9549989999999999,0.9784129999999999,0.41606800000000005,0.966564,,,1.489759281064042,1.9017665326070357,	freebayes_HG003_dragmap
SNP,ALL,3327495,3234679,92816,4081832,74885,768892,2947,9431,0.9721059999999999,0.9773959999999999,0.188369,0.974744,2.102574954461471,1.8547000000699243,1.5351377716469723,1.6855337384629865,	freebayes_HG003_dragmap
SNP,PASS,3327495,3234679,92816,4081832,74885,768892,2947,9431,0.9721059999999999,0.9773959999999999,0.188369,0.974744,2.102574954461471,1.8547000000699243,1.5351377716469723,1.6855337384629865,	freebayes_HG003_dragmap
INDEL,ALL,504501,490495,14006,890357,2924,376686,1932,264,0.9722379999999999,0.994308,0.423073,0.9831489999999999,,,1.489759281064042,1.886755465026493,	haplotypecaller_filtered_HG003_dragmap
INDEL,PASS,504501,490143,14358,877212,2483,364334,1928,211,0.97154,0.995159,0.415332,0.983208,,,1.489759281064042,1.844792790632618,	haplotypecaller_filtered_HG003_dragmap
SNP,ALL,3327495,3227342,100153,3707303,12773,466194,1413,1038,0.969901,0.996059,0.12575,0.982806,2.102574954461471,1.9873929947296933,1.5351377716469723,1.613094814182817,	haplotypecaller_filtered_HG003_dragmap
SNP,PASS,3327495,3227342,100153,3703754,12768,462650,1413,1038,0.969901,0.9960610000000001,0.12491400000000001,0.982807,2.102574954461471,1.9889829455513046,1.5351377716469723,1.6112255246999347,	haplotypecaller_filtered_HG003_dragmap
INDEL,ALL,504501,490495,14006,890357,2924,376686,1932,264,0.9722379999999999,0.994308,0.423073,0.9831489999999999,,,1.489759281064042,1.886755465026493,	haplotypecaller_HG003_dragmap
INDEL,PASS,504501,490495,14006,890357,2924,376686,1932,264,0.9722379999999999,0.994308,0.423073,0.9831489999999999,,,1.489759281064042,1.886755465026493,	haplotypecaller_HG003_dragmap
SNP,ALL,3327495,3227342,100153,3707303,12773,466194,1413,1038,0.969901,0.996059,0.12575,0.982806,2.102574954461471,1.9873929947296933,1.5351377716469723,1.613094814182817,	haplotypecaller_HG003_dragmap
SNP,PASS,3327495,3227342,100153,3707303,12773,466194,1413,1038,0.969901,0.996059,0.12575,0.982806,2.102574954461471,1.9873929947296933,1.5351377716469723,1.613094814182817,	haplotypecaller_HG003_dragmap
INDEL,ALL,504501,490442,14059,881984,3043,369846,1746,405,0.972133,0.994058,0.41933400000000004,0.982973,,,1.489759281064042,1.9404393966330704,	strelka_HG003_dragmap
INDEL,PASS,504501,489457,15044,843168,1542,333483,1107,218,0.9701799999999999,0.996975,0.395512,0.983395,,,1.489759281064042,1.86687626272319,	strelka_HG003_dragmap
SNP,ALL,3327495,3228844,98651,3894180,29845,632493,2853,3190,0.970353,0.99085,0.16242,0.9804940000000001,2.102574954461471,1.8992292720323625,1.5351377716469723,1.7106631505133216,	strelka_HG003_dragmap
SNP,PASS,3327495,3214310,113185,3551760,2324,332238,416,395,0.965985,0.9992780000000001,0.093542,0.98235,2.102574954461471,2.039439675639511,1.5351377716469723,1.534634014013371,	strelka_HG003_dragmap
INDEL,ALL,510519,506995,3524,930979,1776,400433,1339,275,0.9930969999999999,0.996653,0.43012,0.994872,,,1.5161307355192988,1.9992113643066136,	deepvariant_HG004_bwa
INDEL,PASS,510519,506995,3524,930979,1776,400433,1339,275,0.9930969999999999,0.996653,0.43012,0.994872,,,1.5161307355192988,1.9992113643066136,	deepvariant_HG004_bwa
SNP,ALL,3346610,3325469,21141,3821406,2713,491604,989,293,0.993683,0.999185,0.128645,0.996426,2.1007747126671035,1.984123118235503,1.5868716016850075,1.519051278076965,	deepvariant_HG004_bwa
SNP,PASS,3346610,3325469,21141,3821406,2713,491604,989,293,0.993683,0.999185,0.128645,0.996426,2.1007747126671035,1.984123118235503,1.5868716016850075,1.519051278076965,	deepvariant_HG004_bwa
INDEL,ALL,510519,494755,15764,900457,14207,373318,10656,1027,0.9691219999999999,0.9730489999999999,0.414587,0.971081,,,1.5161307355192988,1.9100635117648612,	freebayes_HG004_bwa
INDEL,PASS,510519,494755,15764,900457,14207,373318,10656,1027,0.9691219999999999,0.9730489999999999,0.414587,0.971081,,,1.5161307355192988,1.9100635117648612,	freebayes_HG004_bwa
SNP,ALL,3346610,3327104,19506,4428235,105085,992572,3260,13181,0.9941709999999999,0.969413,0.224146,0.9816360000000001,2.1007747126671035,1.8156936359781808,1.5868716016850075,1.8859889402327885,	freebayes_HG004_bwa
SNP,PASS,3346610,3327104,19506,4428235,105085,992572,3260,13181,0.9941709999999999,0.969413,0.224146,0.9816360000000001,2.1007747126671035,1.8156936359781808,1.5868716016850075,1.8859889402327885,	freebayes_HG004_bwa
INDEL,ALL,510519,504832,5687,921606,5254,390373,2740,536,0.9888600000000001,0.99011,0.423579,0.9894850000000001,,,1.5161307355192988,1.9474935248024654,	haplotypecaller_filtered_HG004_bwa
INDEL,PASS,510519,504627,5892,906497,3984,376739,2735,388,0.988459,0.9924799999999999,0.415599,0.9904649999999999,,,1.5161307355192988,1.8990819971072577,	haplotypecaller_filtered_HG004_bwa
SNP,ALL,3346610,3323996,22614,4002012,30778,646418,2408,3121,0.993243,0.990828,0.161523,0.992034,2.1007747126671035,1.9464017210328257,1.5868716016850075,1.7552637868957588,	haplotypecaller_filtered_HG004_bwa
SNP,PASS,3346610,3323996,22614,3996245,30777,640652,2408,3121,0.993243,0.990828,0.160313,0.992034,2.1007747126671035,1.9488929297251043,1.5868716016850075,1.752494071906176,	haplotypecaller_filtered_HG004_bwa
INDEL,ALL,510519,504832,5687,921605,5254,390372,2740,536,0.9888600000000001,0.99011,0.42357799999999995,0.9894850000000001,,,1.5161307355192988,1.9474869676404052,	haplotypecaller_HG004_bwa
INDEL,PASS,510519,504832,5687,921605,5254,390372,2740,536,0.9888600000000001,0.99011,0.42357799999999995,0.9894850000000001,,,1.5161307355192988,1.9474869676404052,	haplotypecaller_HG004_bwa
SNP,ALL,3346610,3323996,22614,4002012,30778,646418,2408,3121,0.993243,0.990828,0.161523,0.992034,2.1007747126671035,1.9464017210328257,1.5868716016850075,1.7552637868957588,	haplotypecaller_HG004_bwa
SNP,PASS,3346610,3323996,22614,4002012,30778,646418,2408,3121,0.993243,0.990828,0.161523,0.992034,2.1007747126671035,1.9464017210328257,1.5868716016850075,1.7552637868957588,	haplotypecaller_HG004_bwa
INDEL,ALL,510519,506995,3524,930979,1776,400433,1339,275,0.9930969999999999,0.996653,0.43012,0.994872,,,1.5161307355192988,1.9992113643066136,	deepvariant_HG004_bwamem2
INDEL,PASS,510519,506995,3524,930979,1776,400433,1339,275,0.9930969999999999,0.996653,0.43012,0.994872,,,1.5161307355192988,1.9992113643066136,	deepvariant_HG004_bwamem2
SNP,ALL,3346610,3325469,21141,3821406,2713,491604,989,293,0.993683,0.999185,0.128645,0.996426,2.1007747126671035,1.984123118235503,1.5868716016850075,1.519051278076965,	deepvariant_HG004_bwamem2
SNP,PASS,3346610,3325469,21141,3821406,2713,491604,989,293,0.993683,0.999185,0.128645,0.996426,2.1007747126671035,1.984123118235503,1.5868716016850075,1.519051278076965,	deepvariant_HG004_bwamem2
INDEL,ALL,510519,494755,15764,900458,14207,373319,10656,1027,0.9691219999999999,0.9730489999999999,0.414588,0.971081,,,1.5161307355192988,1.910066812792141,	freebayes_HG004_bwamem2
INDEL,PASS,510519,494755,15764,900458,14207,373319,10656,1027,0.9691219999999999,0.9730489999999999,0.414588,0.971081,,,1.5161307355192988,1.910066812792141,	freebayes_HG004_bwamem2
SNP,ALL,3346610,3327104,19506,4428234,105085,992571,3260,13181,0.9941709999999999,0.969413,0.224146,0.9816360000000001,2.1007747126671035,1.815694790186052,1.5868716016850075,1.8859882882007633,	freebayes_HG004_bwamem2
SNP,PASS,3346610,3327104,19506,4428234,105085,992571,3260,13181,0.9941709999999999,0.969413,0.224146,0.9816360000000001,2.1007747126671035,1.815694790186052,1.5868716016850075,1.8859882882007633,	freebayes_HG004_bwamem2
INDEL,ALL,510519,504832,5687,921606,5254,390373,2740,536,0.9888600000000001,0.99011,0.423579,0.9894850000000001,,,1.5161307355192988,1.9474935248024654,	haplotypecaller_filtered_HG004_bwamem2
INDEL,PASS,510519,504627,5892,906497,3984,376739,2735,388,0.988459,0.9924799999999999,0.415599,0.9904649999999999,,,1.5161307355192988,1.8990819971072577,	haplotypecaller_filtered_HG004_bwamem2
SNP,ALL,3346610,3323996,22614,4002012,30778,646418,2408,3121,0.993243,0.990828,0.161523,0.992034,2.1007747126671035,1.9464017210328257,1.5868716016850075,1.7552637868957588,	haplotypecaller_filtered_HG004_bwamem2
SNP,PASS,3346610,3323996,22614,3996245,30777,640652,2408,3121,0.993243,0.990828,0.160313,0.992034,2.1007747126671035,1.9488929297251043,1.5868716016850075,1.752494071906176,	haplotypecaller_filtered_HG004_bwamem2
INDEL,ALL,510519,504832,5687,921605,5254,390372,2740,536,0.9888600000000001,0.99011,0.42357799999999995,0.9894850000000001,,,1.5161307355192988,1.9474869676404052,	haplotypecaller_HG004_bwamem2
INDEL,PASS,510519,504832,5687,921605,5254,390372,2740,536,0.9888600000000001,0.99011,0.42357799999999995,0.9894850000000001,,,1.5161307355192988,1.9474869676404052,	haplotypecaller_HG004_bwamem2
SNP,ALL,3346610,3323996,22614,4002012,30778,646418,2408,3121,0.993243,0.990828,0.161523,0.992034,2.1007747126671035,1.9464017210328257,1.5868716016850075,1.7552637868957588,	haplotypecaller_HG004_bwamem2
SNP,PASS,3346610,3323996,22614,4002012,30778,646418,2408,3121,0.993243,0.990828,0.161523,0.992034,2.1007747126671035,1.9464017210328257,1.5868716016850075,1.7552637868957588,	haplotypecaller_HG004_bwamem2
INDEL,ALL,510519,504393,6126,904821,4840,376446,2688,465,0.988,0.9908399999999999,0.416045,0.989418,,,1.5161307355192988,1.971797683273016,	strelka_HG004_bwamem2
INDEL,PASS,510519,502988,7531,861146,2532,336442,1695,263,0.9852479999999999,0.995174,0.390691,0.990187,,,1.5161307355192988,1.8864291431771258,	strelka_HG004_bwamem2
SNP,ALL,3346610,3324814,21796,4227843,38610,861342,3524,4542,0.9934870000000001,0.9885309999999999,0.203731,0.9910030000000001,2.1007747126671035,1.852793768271772,1.5868716016850075,1.8683920970230454,	strelka_HG004_bwamem2
SNP,PASS,3346610,3309598,37012,3701628,3478,385608,704,529,0.9889399999999999,0.998951,0.104173,0.9939209999999999,2.1007747126671035,2.0340546391845504,1.5868716016850075,1.5906507389286724,	strelka_HG004_bwamem2
INDEL,ALL,510519,504393,6126,904821,4840,376446,2688,465,0.988,0.9908399999999999,0.416045,0.989418,,,1.5161307355192988,1.971797683273016,	strelka_HG004_bwa
INDEL,PASS,510519,502988,7531,861146,2532,336442,1695,263,0.9852479999999999,0.995174,0.390691,0.990187,,,1.5161307355192988,1.8864291431771258,	strelka_HG004_bwa
SNP,ALL,3346610,3324814,21796,4227843,38610,861342,3524,4542,0.9934870000000001,0.9885309999999999,0.203731,0.9910030000000001,2.1007747126671035,1.852793768271772,1.5868716016850075,1.8683920970230454,	strelka_HG004_bwa
SNP,PASS,3346610,3309598,37012,3701628,3478,385608,704,529,0.9889399999999999,0.998951,0.104173,0.9939209999999999,2.1007747126671035,2.0340546391845504,1.5868716016850075,1.5906507389286724,	strelka_HG004_bwa
INDEL,ALL,510519,497783,12736,908134,1903,387035,1495,266,0.9750530000000001,0.996348,0.426187,0.985585,,,1.5161307355192988,1.9873538946755733,	deepvariant_HG004_dragmap
INDEL,PASS,510519,497783,12736,908134,1903,387035,1495,266,0.9750530000000001,0.996348,0.426187,0.985585,,,1.5161307355192988,1.9873538946755733,	deepvariant_HG004_dragmap
SNP,ALL,3346610,3251895,94715,3700157,3812,442840,2223,232,0.971698,0.9988299999999999,0.119681,0.9850770000000001,2.1007747126671035,1.9918971919857862,1.5868716016850075,1.5163377792050774,	deepvariant_HG004_dragmap
SNP,PASS,3346610,3251895,94715,3700157,3812,442840,2223,232,0.971698,0.9988299999999999,0.119681,0.9850770000000001,2.1007747126671035,1.9918971919857862,1.5868716016850075,1.5163377792050774,	deepvariant_HG004_dragmap
INDEL,ALL,510519,485776,24743,872619,12985,355660,10800,920,0.951534,0.974882,0.407578,0.963066,,,1.5161307355192988,1.9010792222531823,	freebayes_HG004_dragmap
INDEL,PASS,510519,485776,24743,872619,12985,355660,10800,920,0.951534,0.974882,0.407578,0.963066,,,1.5161307355192988,1.9010792222531823,	freebayes_HG004_dragmap
SNP,ALL,3346610,3254038,92572,4112541,76415,778672,3284,9792,0.972339,0.9770790000000001,0.189341,0.9747030000000001,2.1007747126671035,1.8534494240785395,1.5868716016850075,1.731016793430639,	freebayes_HG004_dragmap
SNP,PASS,3346610,3254038,92572,4112541,76415,778672,3284,9792,0.972339,0.9770790000000001,0.189341,0.9747030000000001,2.1007747126671035,1.8534494240785395,1.5868716016850075,1.731016793430639,	freebayes_HG004_dragmap
INDEL,ALL,510519,494667,15852,880172,4035,361034,3037,282,0.968949,0.9922280000000001,0.41018599999999994,0.98045,,,1.5161307355192988,1.8969784716527116,	haplotypecaller_filtered_HG004_dragmap
INDEL,PASS,510519,494340,16179,867134,3608,348750,3027,234,0.968309,0.9930399999999999,0.402187,0.980518,,,1.5161307355192988,1.8558417647754337,	haplotypecaller_filtered_HG004_dragmap
SNP,ALL,3346610,3245620,100990,3727432,11867,469010,1690,997,0.969823,0.996358,0.125827,0.9829120000000001,2.1007747126671035,1.991346919912675,1.5868716016850075,1.661368949534905,	haplotypecaller_filtered_HG004_dragmap
SNP,PASS,3346610,3245620,100990,3722652,11863,464234,1690,997,0.969823,0.996359,0.124705,0.9829120000000001,2.1007747126671035,1.9931376308146662,1.5868716016850075,1.6585310965337798,	haplotypecaller_filtered_HG004_dragmap
INDEL,ALL,510519,494667,15852,880172,4035,361034,3037,282,0.968949,0.9922280000000001,0.41018599999999994,0.98045,,,1.5161307355192988,1.8969784716527116,	haplotypecaller_HG004_dragmap
INDEL,PASS,510519,494667,15852,880172,4035,361034,3037,282,0.968949,0.9922280000000001,0.41018599999999994,0.98045,,,1.5161307355192988,1.8969784716527116,	haplotypecaller_HG004_dragmap
SNP,ALL,3346610,3245620,100990,3727432,11867,469010,1690,997,0.969823,0.996358,0.125827,0.9829120000000001,2.1007747126671035,1.991346919912675,1.5868716016850075,1.661368949534905,	haplotypecaller_HG004_dragmap
SNP,PASS,3346610,3245620,100990,3727432,11867,469010,1690,997,0.969823,0.996358,0.125827,0.9829120000000001,2.1007747126671035,1.991346919912675,1.5868716016850075,1.661368949534905,	haplotypecaller_HG004_dragmap
INDEL,ALL,510519,494950,15569,872619,3814,355015,2645,354,0.969504,0.9926309999999999,0.40683800000000003,0.980931,,,1.5161307355192988,1.9363459602575948,	strelka_HG004_dragmap
INDEL,PASS,510519,493623,16896,835611,2059,321060,1678,191,0.9669040000000001,0.9959979999999999,0.38422199999999995,0.9812360000000001,,,1.5161307355192988,1.8689348070965925,	strelka_HG004_dragmap
SNP,ALL,3346610,3247731,98879,3949667,40638,658259,3415,4683,0.970454,0.9876530000000001,0.16666199999999998,0.978978,2.1007747126671035,1.8899464900313452,1.5868716016850075,1.786498606794102,	strelka_HG004_dragmap
SNP,PASS,3346610,3232254,114356,3579938,2412,342352,603,425,0.965829,0.9992549999999999,0.095631,0.982258,2.1007747126671035,2.037818077545002,1.5868716016850075,1.5854052534961056,	strelka_HG004_dragmap
